student_id,study_hours,quiz_score,distraction_frequency,preferred_time,study_method
1,3.621780831931537,52,Low,Night,Intensive
2,7.655000144869414,69,Medium,Evening,Spaced
3,6.123957592679836,95,Low,Afternoon,Pomodoro
4,5.190609389379256,64,High,Night,Spaced
5,2.0921304830970557,74,Medium,Evening,Intensive
6,2.0919616423534184,79,Low,Afternoon,Intensive
7,1.4065852851773961,63,High,Night,Spaced
8,7.063233020424546,56,Medium,Morning,Pomodoro
9,5.207805082202461,66,High,Morning,Spaced
10,5.956508044572319,93,Low,Night,Spaced
11,1.1440914600706171,69,Low,Morning,Intensive
12,7.78936896513396,85,Low,Night,Pomodoro
13,6.827098485602952,58,Low,Evening,Continuous
14,2.486373774747933,87,Medium,Night,Pomodoro
15,2.272774770449704,97,Medium,Evening,Spaced
16,2.283831568974037,71,High,Afternoon,Spaced
17,3.129695700716764,51,Low,Night,Spaced
18,4.673295021425664,73,High,Afternoon,Pomodoro
19,4.023615130494811,57,Medium,Morning,Intensive
20,3.0386039813862933,60,Low,Evening,Spaced
21,5.282970263056656,62,Low,Night,Spaced
22,1.9764570245642927,66,Medium,Afternoon,Pomodoro
23,3.0450125397465273,57,Medium,Evening,Continuous
24,3.564532903055842,70,Medium,Evening,Continuous
25,4.192489889519251,67,Medium,Morning,Intensive
26,6.496231729751095,79,Medium,Morning,Intensive
27,2.3977164751085183,67,Low,Evening,Spaced
28,4.599641068895281,95,Medium,Evening,Pomodoro
29,5.146901982034297,96,Low,Night,Spaced
30,1.325152889039984,80,Low,Evening,Intensive
31,5.252813963310069,87,Medium,Night,Pomodoro
32,2.193668865811041,81,Medium,Evening,Pomodoro
33,1.4553611508969566,60,Low,Morning,Intensive
34,7.642198760773333,94,Medium,Night,Continuous
35,7.7594242315219155,74,Medium,Afternoon,Continuous
36,6.658781436815228,82,Medium,Morning,Pomodoro
37,3.132296384213595,87,High,Night,Spaced
38,1.683704798044687,90,Low,Night,Continuous
39,5.789631185585098,57,High,Afternoon,Spaced
40,4.081067456177209,60,Medium,Night,Continuous
41,1.8542676439134518,71,High,Evening,Continuous
42,4.466238370778891,73,Medium,Afternoon,Spaced
43,1.2407196478065288,90,High,Morning,Intensive
44,7.365242814551475,66,Medium,Morning,Continuous
45,2.8114598712001184,61,High,Evening,Continuous
46,5.637655990477874,95,High,Morning,Spaced
47,3.1819775326258766,81,High,Night,Intensive
48,4.640476148244676,64,Low,Night,Continuous
49,4.826971955402957,65,High,Evening,Continuous
50,2.293981188678689,71,Low,Morning,Intensive
51,7.78709239435191,77,Medium,Morning,Continuous
52,6.425929763527802,69,High,Evening,Intensive
53,7.576492590949324,82,Medium,Afternoon,Intensive
54,7.263791452993542,59,Medium,Morning,Spaced
55,5.185299851677596,89,High,Afternoon,Pomodoro
56,7.453119645161818,81,Low,Morning,Intensive
57,1.6194475143634364,99,High,Morning,Spaced
58,2.3718800369340163,82,Medium,Morning,Pomodoro
59,1.3165910223737665,51,Medium,Morning,Continuous
60,3.2773123153428503,82,High,Night,Pomodoro
61,3.720741027826374,82,Low,Afternoon,Intensive
62,2.8994432224172715,90,Low,Afternoon,Intensive
63,6.801162564063505,62,Medium,Morning,Intensive
64,3.497273286855125,79,Medium,Morning,Intensive
65,2.9665415678116656,82,Low,Afternoon,Intensive
66,4.798872582107739,62,High,Night,Spaced
67,1.9864695748233385,75,Medium,Evening,Intensive
68,6.615378865278277,71,Low,Evening,Spaced
69,1.5218545057583959,88,Medium,Afternoon,Continuous
70,7.908208556203621,51,High,Morning,Intensive
71,6.405713385076602,87,Low,Morning,Intensive
72,2.391009770739207,88,Medium,Night,Pomodoro
73,1.0386548198652168,75,High,Evening,Continuous
74,6.708229999183839,95,Medium,Night,Intensive
75,5.94800140693332,99,High,Evening,Intensive
76,6.103050176286911,64,High,Afternoon,Continuous
77,6.39889242680162,83,Low,Evening,Spaced
78,1.5183125621386324,91,High,Night,Intensive
79,3.509260099809908,93,Medium,Night,Pomodoro
80,1.811083416675908,98,High,Night,Intensive
81,7.041723981129155,89,High,Afternoon,Pomodoro
82,5.363086887792905,60,Low,Evening,Pomodoro
83,3.3162861739685443,52,High,Evening,Intensive
84,1.4449084520021653,55,High,Night,Intensive
85,3.1768762520096354,58,Medium,Evening,Pomodoro
86,3.2762832541872293,55,Low,Morning,Continuous
87,6.107243248366449,58,Low,Morning,Continuous
88,5.462902299486492,88,Low,Morning,Intensive
89,7.210489198034286,80,High,Evening,Spaced
90,4.305504476133645,81,Low,Afternoon,Continuous
91,1.837159721568112,90,High,Afternoon,Intensive
92,5.992713510560965,99,High,Afternoon,Continuous
93,6.325495340318282,61,Medium,Afternoon,Spaced
94,4.9289403829864735,57,Medium,Morning,Intensive
95,6.396770259681927,57,Medium,Morning,Spaced
96,4.456569174550735,99,Medium,Night,Intensive
97,4.659129805673958,77,Medium,Evening,Spaced
98,3.9927871285098475,69,High,Evening,Continuous
99,1.1779338872086664,96,High,Afternoon,Continuous
100,1.7552399889531312,56,Low,Morning,Spaced
101,1.2200042998071399,60,High,Afternoon,Spaced
102,5.454872878846463,69,High,Night,Spaced
103,3.2004918675342866,65,Medium,Evening,Intensive
104,4.559994838152919,53,High,Evening,Continuous
105,7.352965317482651,55,Medium,Afternoon,Intensive
106,2.7450456040421245,71,Low,Night,Continuous
107,3.8726804612494083,75,Low,Evening,Pomodoro
108,6.288857969801341,52,High,Night,Intensive
109,2.6015871584413572,90,Low,Night,Continuous
110,1.538859368801551,91,High,Afternoon,Continuous
111,3.028260170396376,63,Low,Morning,Intensive
112,2.128549010778031,60,Medium,Afternoon,Intensive
113,7.507883566398012,67,Medium,Morning,Continuous
114,6.656842656950919,61,Medium,Night,Intensive
115,5.433826295572964,72,Medium,Morning,Spaced
116,7.1002241313140235,61,High,Night,Intensive
117,6.625704538293801,62,Low,Evening,Intensive
118,2.305990412202251,74,High,Evening,Intensive
119,7.247912989429844,94,Medium,Evening,Continuous
120,4.775395693409555,68,High,Afternoon,Spaced
121,6.652081086148438,95,Low,Afternoon,Pomodoro
122,7.2726390994644525,85,High,Night,Pomodoro
123,3.2260243248030473,94,Low,Evening,Spaced
124,1.7703634716937373,57,High,Afternoon,Spaced
125,2.595546137793592,78,Low,Evening,Spaced
126,3.9897545203837943,81,Low,Afternoon,Continuous
127,6.726103361457452,93,Medium,Morning,Pomodoro
128,7.0251140827944045,67,Low,Morning,Spaced
129,1.0486649137183348,55,Medium,Evening,Continuous
130,4.57523111804296,67,Medium,Night,Pomodoro
131,3.921877022041453,68,Medium,Afternoon,Intensive
132,2.5547546732951116,71,High,Afternoon,Continuous
133,1.8390575713357795,86,High,Morning,Pomodoro
134,3.363306199825396,81,High,Morning,Continuous
135,7.600367927387634,90,High,Night,Pomodoro
136,3.262420524145287,52,Low,Night,Pomodoro
137,4.631534352203563,77,Low,Night,Intensive
138,5.921132712266245,59,High,Evening,Continuous
139,3.545407216655058,84,Low,Morning,Spaced
140,7.8024745790467245,78,Low,Evening,Intensive
141,7.737131064594779,64,Medium,Morning,Intensive
142,2.762476070777549,82,Medium,Morning,Pomodoro
143,4.480739541246698,56,Medium,Afternoon,Spaced
144,3.1061481687173877,61,Medium,Morning,Continuous
145,2.993883460642273,98,Low,Morning,Spaced
146,1.2582086314817296,79,High,Evening,Spaced
147,5.266950337859278,70,Low,Morning,Spaced
148,4.51875316260203,80,Low,Evening,Spaced
149,1.3603512587499256,73,Low,Night,Spaced
150,2.95052524965628,69,Medium,Morning,Pomodoro
151,7.357861201766576,86,Medium,Morning,Pomodoro
152,2.676933234668807,53,Medium,Evening,Intensive
153,2.0142641046385616,77,High,Night,Pomodoro
154,4.426169321942941,93,Low,Afternoon,Intensive
155,7.899553178774205,69,High,Night,Intensive
156,2.694386900580503,73,Medium,Evening,Continuous
157,5.70494883184115,99,High,Night,Spaced
158,6.331337307301023,98,Low,Evening,Pomodoro
159,2.6634628079467975,81,Low,Evening,Continuous
160,6.0975144402830175,90,Medium,Afternoon,Pomodoro
161,3.5744819290347727,85,Medium,Morning,Intensive
162,5.4261408141550564,83,High,Evening,Pomodoro
163,5.434707975326263,85,Medium,Evening,Spaced
164,4.750422788523309,51,Medium,Afternoon,Intensive
165,1.6320283903808581,64,Low,Evening,Intensive
166,6.847117469124666,83,Medium,Morning,Continuous
167,3.245460454802151,85,Medium,Afternoon,Spaced
168,2.3056295727989795,55,Low,Morning,Intensive
169,1.2854259908833474,88,Low,Morning,Spaced
170,5.136250602317693,91,High,Afternoon,Pomodoro
171,5.742950532895977,61,Medium,Evening,Spaced
172,1.1161148024949932,52,Low,Morning,Intensive
173,4.584651408094967,94,High,Morning,Continuous
174,2.585470426385566,67,High,Morning,Intensive
175,5.516209532866149,89,Medium,Morning,Spaced
176,2.22056500303494,70,Medium,Afternoon,Spaced
177,5.836564166717261,64,High,Afternoon,Intensive
178,3.707147424103762,82,Low,Night,Spaced
179,7.557109921157141,84,High,Night,Pomodoro
180,1.9626466090219528,75,Medium,Morning,Intensive
181,3.3874644573518093,57,Low,Evening,Continuous
182,1.7943146486841235,85,Low,Morning,Intensive
183,7.472855327949939,97,High,Evening,Pomodoro
184,7.1413754736668675,79,Medium,Morning,Pomodoro
185,2.8055913940060893,72,High,Night,Pomodoro
186,5.6198883222392535,91,High,Night,Pomodoro
187,6.720555401408511,93,High,Evening,Pomodoro
188,4.886405681196236,63,Low,Morning,Continuous
189,4.707554048492046,63,Low,Evening,Spaced
190,2.6929660363031616,51,Medium,Night,Pomodoro
191,1.6517193746412944,86,Medium,Morning,Pomodoro
192,7.280510305673287,54,High,Morning,Intensive
193,7.302926400143313,87,High,Evening,Continuous
194,5.4317102009128755,94,High,Afternoon,Continuous
195,3.3732085373409046,90,Medium,Evening,Spaced
196,3.4444670222886264,96,Low,Night,Continuous
197,6.081689752091676,63,Low,Night,Intensive
198,7.279771819668039,88,High,Night,Intensive
199,7.209604969855821,74,High,Night,Spaced
200,6.459128821003367,69,High,Night,Intensive
201,5.494221523080014,51,High,Afternoon,Pomodoro
202,1.588979754965342,88,Medium,Morning,Pomodoro
203,2.131400998662296,55,Low,Evening,Intensive
204,7.289879319689555,66,High,Evening,Spaced
205,5.24500341761713,74,Medium,Night,Continuous
206,1.0643793613164076,77,High,Evening,Spaced
207,1.7103008000622246,51,High,Night,Continuous
208,5.644512383756391,84,Low,Afternoon,Intensive
209,1.0354310869235308,86,High,Afternoon,Intensive
210,2.1256563599224907,54,Low,Morning,Pomodoro
211,4.841136525566103,50,Low,Afternoon,Continuous
212,5.843266383848853,89,Low,Afternoon,Spaced
213,5.5637288165182035,61,Medium,Morning,Intensive
214,2.5698851662239184,85,Medium,Evening,Spaced
215,5.985254549432751,94,Low,Night,Pomodoro
216,2.6607436124776003,72,High,Night,Continuous
217,3.277797887114874,96,Low,Evening,Continuous
218,6.225439835826169,80,High,Morning,Intensive
219,5.547430293330502,60,Low,Evening,Continuous
220,6.944563873459246,59,High,Afternoon,Intensive
221,5.603290246102404,52,Medium,Morning,Pomodoro
222,4.9781602233483015,63,High,Morning,Continuous
223,1.6557233747966473,65,Low,Morning,Intensive
224,3.5740106214160345,59,Medium,Night,Spaced
225,2.856416573772078,78,High,Evening,Intensive
226,2.7079275036535853,59,High,Morning,Continuous
227,7.811073883267119,61,High,Morning,Pomodoro
228,3.751684072667323,79,High,Morning,Continuous
229,7.244325886239793,90,High,Evening,Continuous
230,5.41797038198084,50,Medium,Night,Intensive
231,6.563679124791539,54,Medium,Afternoon,Spaced
232,4.518459651736345,69,Medium,Night,Continuous
233,5.038327192384513,57,Medium,Morning,Spaced
234,4.447623856732047,92,Low,Night,Intensive
235,2.3667009145863114,61,Medium,Night,Spaced
236,6.057164806830537,50,High,Afternoon,Intensive
237,2.9654065370859906,69,High,Evening,Pomodoro
238,1.1702117650201769,77,Medium,Evening,Spaced
239,5.518306071350175,92,High,Night,Spaced
240,2.239774755849343,86,Medium,Night,Pomodoro
241,7.5832100904704,96,High,Evening,Spaced
242,7.677500039018112,86,Low,Evening,Pomodoro
243,7.40405073154314,61,Low,Afternoon,Continuous
244,3.591110901788111,86,Medium,Morning,Intensive
245,1.108196315702072,98,Medium,Night,Pomodoro
246,7.498229938114077,98,Medium,Evening,Spaced
247,3.9972890382212003,93,High,Night,Pomodoro
248,7.766583733305687,77,Medium,Night,Spaced
249,7.74533983962477,96,Low,Evening,Continuous
250,6.971066188271521,64,High,Afternoon,Pomodoro
251,3.0611422444870997,55,Medium,Night,Continuous
252,3.6956841002134766,93,High,Afternoon,Intensive
253,6.9579567006179985,69,High,Evening,Spaced
254,3.2184540360939438,99,Medium,Morning,Spaced
255,2.1864492268026474,63,High,Morning,Continuous
256,4.897608837208451,51,Low,Night,Intensive
257,7.553083419125467,58,Low,Evening,Pomodoro
258,5.872208576724811,86,High,Afternoon,Pomodoro
259,4.990428190625555,69,Medium,Night,Spaced
260,1.6802354563953799,75,High,Evening,Continuous
261,5.305050586894188,78,Low,Evening,Continuous
262,7.930376950729843,50,High,Afternoon,Pomodoro
263,1.9805881066556683,84,High,Night,Intensive
264,4.628307566546157,55,Low,Evening,Intensive
265,7.141611503495688,86,High,Evening,Pomodoro
266,6.185380324279431,54,High,Evening,Pomodoro
267,5.879110186966876,82,Medium,Afternoon,Continuous
268,5.917388587909765,98,Medium,Night,Intensive
269,3.516438058538286,63,Low,Night,Pomodoro
270,3.0551429098514538,61,Low,Night,Pomodoro
271,6.665528088349595,91,Low,Night,Spaced
272,6.670793762754265,69,Medium,Morning,Pomodoro
273,7.069506230060726,99,Low,Morning,Pomodoro
274,7.392683867895299,73,Low,Night,Intensive
275,4.579396792026564,92,Low,Afternoon,Continuous
276,4.510614062810397,83,Medium,Morning,Intensive
277,6.588066252767426,74,High,Evening,Continuous
278,5.549747515444356,99,Low,Morning,Spaced
279,5.913768140803923,78,High,Evening,Pomodoro
280,6.570548686052708,88,Low,Night,Spaced
281,7.230037392722964,80,High,Morning,Continuous
282,3.365966097960751,96,Medium,Afternoon,Intensive
283,3.629080668479608,92,Medium,Morning,Intensive
284,1.657873578886083,99,Low,Morning,Spaced
285,5.047960986973218,72,High,Morning,Continuous
286,1.2515959165771946,93,Medium,Night,Spaced
287,4.259186126927221,87,Low,Afternoon,Spaced
288,4.798512442953037,69,Low,Morning,Pomodoro
289,3.005788764897991,72,Medium,Afternoon,Spaced
290,5.135832823983075,94,Medium,Night,Pomodoro
291,1.213501749573346,65,Low,Evening,Pomodoro
292,1.261437321244501,99,High,Morning,Intensive
293,6.758203924617607,91,High,Afternoon,Pomodoro
294,3.52133448987884,57,High,Afternoon,Pomodoro
295,1.8894235885631936,99,Low,Night,Intensive
296,4.655702820383631,70,Medium,Morning,Spaced
297,6.389954871690276,50,Low,Evening,Continuous
298,2.5107471924779023,57,Medium,Afternoon,Continuous
299,5.360233330733002,78,High,Morning,Continuous
300,1.597432254956376,81,High,Evening,Spaced
301,1.3617720481802538,87,Medium,Afternoon,Pomodoro
302,4.719482420977036,54,Medium,Afternoon,Continuous
303,4.784445851270746,96,Low,Evening,Spaced
304,5.462009310487446,71,High,Evening,Pomodoro
305,6.082639336058631,96,Low,Night,Intensive
306,7.830964556237742,83,Low,Morning,Continuous
307,4.614102438108367,50,Low,Morning,Pomodoro
308,3.260695310588722,75,High,Night,Continuous
309,6.566303363380926,92,Low,Afternoon,Continuous
310,2.8958257588345195,59,Low,Evening,Continuous
311,4.072799944939453,79,Low,Evening,Pomodoro
312,1.5491946693958618,99,Low,Evening,Spaced
313,1.1774552039082025,67,Low,Afternoon,Pomodoro
314,7.738538902745475,66,Low,Evening,Continuous
315,6.851860843585441,75,High,Evening,Pomodoro
316,5.871819442655886,57,Low,Night,Intensive
317,3.8626706108998894,96,Medium,Afternoon,Spaced
318,2.2130602404959205,89,Low,Morning,Pomodoro
319,2.095059298697602,98,Low,Night,Intensive
320,2.7517002871521674,61,High,Night,Spaced
321,4.844586652942843,76,High,Morning,Intensive
322,6.0021714589004365,57,Medium,Night,Spaced
323,5.621381637024119,74,Medium,Afternoon,Pomodoro
324,2.9595372786215997,95,High,Evening,Intensive
325,7.684056964642359,53,High,Afternoon,Continuous
326,6.16527841687038,82,Low,Morning,Intensive
327,4.880478367579805,50,High,Morning,Spaced
328,5.282045223640465,68,Medium,Night,Pomodoro
329,3.9372004369945293,80,Low,Afternoon,Spaced
330,2.7341169265081025,65,Medium,Afternoon,Intensive
331,3.491808750558831,63,Low,Morning,Intensive
332,6.304922773250584,97,High,Afternoon,Continuous
333,1.100754420408291,54,Medium,Morning,Pomodoro
334,1.8125084835484135,90,Low,Afternoon,Pomodoro
335,1.3220184941522692,75,Low,Afternoon,Intensive
336,1.285101616232791,77,High,Afternoon,Pomodoro
337,6.98822408807705,51,High,Morning,Continuous
338,5.925605015660166,99,High,Night,Spaced
339,4.319216803611276,55,Medium,Afternoon,Pomodoro
340,1.6848391245570102,58,Low,Morning,Intensive
341,4.441311125817826,82,High,Morning,Spaced
342,4.31430239546396,90,Medium,Afternoon,Spaced
343,2.212413089370106,74,Medium,Afternoon,Continuous
344,4.036961544665811,97,Medium,Night,Intensive
345,3.789533140781614,62,High,Morning,Pomodoro
346,5.310950686365516,58,High,Morning,Intensive
347,5.445655556073507,62,Low,Evening,Spaced
348,1.3171280684043116,80,Low,Morning,Intensive
349,3.6222883023852983,90,High,Night,Pomodoro
350,5.381019409999655,60,Medium,Evening,Pomodoro
351,4.521953810060614,53,Medium,Evening,Continuous
352,6.995428888318256,83,Medium,Evening,Pomodoro
353,5.610855421332615,87,Low,Afternoon,Pomodoro
354,2.140540989570008,95,Medium,Afternoon,Intensive
355,1.493981231803009,53,Low,Morning,Intensive
356,5.49693494744421,87,Low,Evening,Spaced
357,1.1855791737913526,68,Medium,Night,Continuous
358,5.100429068914243,55,Medium,Afternoon,Intensive
359,7.581611689974703,83,High,Night,Pomodoro
360,5.0283192451311525,67,High,Night,Spaced
361,3.7171894834456536,62,Medium,Afternoon,Intensive
362,5.503017529096472,90,Low,Afternoon,Continuous
363,4.207770233440616,72,Low,Afternoon,Continuous
364,4.819317525211544,68,Low,Afternoon,Spaced
365,7.590253661435677,94,Low,Evening,Spaced
366,3.70271846460542,60,Low,Evening,Spaced
367,7.7283339467674,50,High,Evening,Spaced
368,7.337454493692446,73,Medium,Evening,Spaced
369,2.370537943525075,56,High,Morning,Pomodoro
370,1.4855291061261582,74,Low,Evening,Pomodoro
371,1.7054460096419866,70,Low,Afternoon,Intensive
372,1.127552779560848,64,Low,Night,Continuous
373,1.6611007252914987,50,Low,Evening,Pomodoro
374,5.781047413914498,61,Medium,Morning,Pomodoro
375,1.498320539221603,56,Low,Afternoon,Pomodoro
376,3.2328294120563292,64,Medium,Night,Intensive
377,6.914127176786182,70,Low,Night,Spaced
378,1.162903550150781,68,Medium,Evening,Intensive
379,6.701279378122551,78,High,Night,Continuous
380,2.9729834234137993,74,Low,Evening,Continuous
381,1.8271537933515938,82,Medium,Evening,Continuous
382,5.877160157549055,98,High,Afternoon,Continuous
383,5.402599927459188,81,Low,Afternoon,Pomodoro
384,7.14230409468937,98,Low,Morning,Pomodoro
385,6.145497306627201,84,Low,Afternoon,Intensive
386,6.62436651269394,93,Medium,Afternoon,Spaced
387,2.9742420079991456,87,Medium,Evening,Continuous
388,2.24207680645806,75,High,Afternoon,Intensive
389,6.254303261486008,60,Medium,Evening,Pomodoro
390,6.647843174870848,84,Medium,Evening,Pomodoro
391,7.933535994004713,57,Low,Afternoon,Spaced
392,3.8883237383799854,95,Low,Morning,Spaced
393,3.604126600549482,63,Low,Morning,Spaced
394,6.434890725193978,59,Low,Night,Intensive
395,3.385624781771125,51,Low,Night,Pomodoro
396,7.515301279224953,95,Low,Afternoon,Pomodoro
397,7.008889262901082,58,Low,Morning,Spaced
398,4.002958191625129,52,High,Evening,Continuous
399,6.256097474540482,70,High,Night,Spaced
400,6.281800118592776,75,High,Evening,Intensive
401,1.7218670818515283,57,High,Night,Spaced
402,7.317870346756966,97,Low,Afternoon,Spaced
403,4.536766607135,51,High,Morning,Intensive
404,6.785202262754192,55,Low,Night,Spaced
405,3.240347207214282,77,High,Morning,Pomodoro
406,7.268662599473403,78,Medium,Evening,Continuous
407,3.724411751139142,75,High,Afternoon,Spaced
408,1.0758635603620885,74,High,Morning,Intensive
409,7.337673834934845,61,Low,Afternoon,Continuous
410,1.639006737502935,54,High,Morning,Intensive
411,3.235195463132904,83,Medium,Evening,Continuous
412,7.650433769355635,97,Low,Evening,Continuous
413,7.654250028562893,86,Low,Afternoon,Spaced
414,5.014065216863003,64,High,Evening,Pomodoro
415,5.422860485188595,93,Low,Night,Spaced
416,4.1391186538482385,85,Low,Morning,Intensive
417,3.0524754018864515,64,Low,Evening,Intensive
418,3.3006518175894115,92,Low,Night,Continuous
419,5.707629192539269,97,Low,Afternoon,Continuous
420,6.26662170606376,72,Low,Night,Pomodoro
421,6.54105330608094,55,Medium,Afternoon,Spaced
422,6.527326999561877,95,High,Afternoon,Intensive
423,1.6384427213408326,99,Medium,Morning,Continuous
424,4.4609421329180705,93,Low,Morning,Pomodoro
425,1.40291132011651,92,Low,Night,Intensive
426,4.846702176266149,94,High,Morning,Continuous
427,4.090713509613639,70,Medium,Morning,Intensive
428,7.213929279308099,72,High,Morning,Pomodoro
429,3.456405087864551,92,Medium,Night,Pomodoro
430,1.819469114993241,65,Low,Evening,Intensive
431,2.000941774369851,96,High,Morning,Spaced
432,6.3305744220223055,64,High,Morning,Intensive
433,5.327526443213827,74,Low,Night,Continuous
434,1.7078587328595316,85,High,Evening,Spaced
435,1.588747642804982,60,Medium,Morning,Continuous
436,5.90678392021384,64,Medium,Afternoon,Intensive
437,1.5093410445493547,53,Medium,Night,Spaced
438,6.753020415032493,70,Medium,Morning,Continuous
439,5.943695590095474,62,Low,Morning,Intensive
440,1.5694414644932984,71,High,Afternoon,Intensive
441,1.5938639985963434,68,Medium,Afternoon,Spaced
442,7.906477049508228,83,Low,Night,Intensive
443,3.6198955702928424,63,High,Night,Pomodoro
444,3.5944950294682365,53,High,Afternoon,Continuous
445,6.689596970802518,97,Low,Night,Continuous
446,7.630740041687011,95,Low,Afternoon,Intensive
447,7.902007446760097,76,Medium,Morning,Intensive
448,6.273647296812591,78,High,Afternoon,Pomodoro
449,3.6338170987164102,96,High,Afternoon,Spaced
450,1.5845050168906814,77,Low,Evening,Intensive
451,6.440028411492057,84,High,Afternoon,Intensive
452,4.9088297481506356,57,Medium,Afternoon,Intensive
453,3.969554064728834,65,High,Evening,Intensive
454,7.344480695663152,91,Low,Night,Continuous
455,1.7783823761430595,85,Low,Evening,Intensive
456,4.448375730036014,79,Medium,Morning,Continuous
457,1.0794755133719334,67,Medium,Evening,Intensive
458,4.280624493958884,51,High,Morning,Spaced
459,1.3941229297728615,98,High,Night,Pomodoro
460,1.8317254138765033,62,Low,Evening,Spaced
461,1.8226837274397343,53,Medium,Evening,Intensive
462,5.544472114812445,75,Medium,Night,Intensive
463,6.222314154857963,74,Medium,Morning,Intensive
464,5.083581355680117,79,High,Evening,Spaced
465,7.735207839321793,60,Medium,Morning,Intensive
466,3.6240940566659283,56,Low,Evening,Spaced
467,2.999984603973025,80,Low,Afternoon,Continuous
468,7.080193897326222,93,High,Evening,Pomodoro
469,2.5651708696361686,59,High,Night,Pomodoro
470,7.742557776084279,88,Medium,Night,Spaced
471,1.0850813228287144,62,High,Morning,Continuous
472,7.789151786953473,80,Low,Evening,Spaced
473,1.3021193836540328,56,Medium,Morning,Continuous
474,7.238001795886498,98,Low,Morning,Intensive
475,4.6939077636040984,91,Medium,Afternoon,Continuous
476,7.950753572835103,91,High,Afternoon,Continuous
477,1.516575953147792,85,Medium,Night,Continuous
478,4.876979990809246,69,Medium,Morning,Pomodoro
479,7.7851177493336925,53,Low,Night,Continuous
480,4.661684909191042,56,Low,Evening,Intensive
481,5.405790466946838,50,Medium,Morning,Intensive
482,5.87024082289232,93,High,Morning,Intensive
483,4.181787453374413,94,High,Evening,Continuous
484,5.392906560588444,91,Low,Evening,Spaced
485,5.090200183461702,96,High,Night,Spaced
486,7.308106073436923,62,Low,Night,Intensive
487,1.318124662390205,71,High,Evening,Pomodoro
488,2.9667423271456124,70,Medium,Night,Spaced
489,7.652880388535911,71,Low,Evening,Continuous
490,7.231846487236414,77,Low,Morning,Spaced
491,4.18959726949999,58,Medium,Morning,Intensive
492,5.340928184610757,75,Low,Afternoon,Pomodoro
493,2.941668280867929,58,High,Morning,Spaced
494,2.3168481180663294,64,High,Evening,Spaced
495,4.245888834579875,59,Low,Night,Intensive
496,3.4734655961823697,73,High,Afternoon,Pomodoro
497,5.0855927829561045,91,Low,Night,Pomodoro
498,1.544142458754894,57,Medium,Evening,Intensive
499,7.820763653663166,73,Low,Morning,Continuous
500,7.90347521135722,65,Medium,Afternoon,Spaced
501,5.887131998138216,98,High,Evening,Continuous
502,4.752674564408842,75,Medium,Afternoon,Spaced
503,3.166693314004294,76,High,Afternoon,Spaced
504,6.696565137948641,86,Low,Morning,Continuous
505,5.793118207877155,53,High,Evening,Intensive
506,2.138318575414239,99,Low,Night,Intensive
507,7.376490291456897,73,Low,Afternoon,Spaced
508,6.757760700462183,68,Medium,Afternoon,Intensive
509,7.648599393043468,85,Medium,Night,Spaced
510,6.08003655871852,88,Medium,Evening,Intensive
511,5.293906371550529,59,Medium,Afternoon,Spaced
512,3.927701254034332,74,High,Afternoon,Intensive
513,7.529099383478092,67,High,Afternoon,Pomodoro
514,7.062447226502859,68,High,Evening,Continuous
515,1.3165306907433258,85,Low,Evening,Pomodoro
516,1.184568821480764,59,High,Night,Continuous
517,3.6352435681463473,82,High,Evening,Continuous
518,6.6738733154728305,99,High,Evening,Spaced
519,7.910932905204612,54,Medium,Morning,Continuous
520,2.0529182377246973,96,High,Night,Pomodoro
521,5.158915007464946,98,Low,Afternoon,Pomodoro
522,3.6662359964171505,84,Medium,Evening,Intensive
523,7.789400784702222,93,Low,Afternoon,Pomodoro
524,6.894832461949961,83,High,Afternoon,Intensive
525,6.868300932977965,82,Medium,Morning,Continuous
526,4.280852118564792,70,Low,Evening,Pomodoro
527,3.903736516363656,66,High,Night,Continuous
528,2.9138495035149434,71,Low,Evening,Pomodoro
529,1.3946284765564898,97,Low,Afternoon,Pomodoro
530,7.053056633785372,86,Low,Night,Intensive
531,6.690307063910543,64,High,Evening,Continuous
532,7.998023713002914,84,High,Afternoon,Pomodoro
533,7.976457859517337,77,Low,Afternoon,Spaced
534,4.888021939218392,56,Medium,Morning,Continuous
535,6.3829119062635735,81,Medium,Morning,Continuous
536,7.6133601091769965,60,High,Morning,Continuous
537,6.94753173474188,59,High,Afternoon,Intensive
538,2.7314367122023837,58,High,Evening,Spaced
539,4.1538089471706545,63,High,Morning,Continuous
540,1.9041159060604649,62,High,Evening,Pomodoro
541,7.678357190811057,74,Medium,Morning,Pomodoro
542,5.24322244115616,51,High,Night,Intensive
543,2.600499638524239,84,Low,Night,Pomodoro
544,5.701904790840997,56,Low,Morning,Continuous
545,5.326897683205271,70,Medium,Afternoon,Pomodoro
546,3.5071390262298836,67,Low,Morning,Continuous
547,1.7949031453974031,52,Medium,Morning,Pomodoro
548,5.7010123691495975,91,Medium,Afternoon,Spaced
549,4.642153906326553,88,Low,Night,Intensive
550,6.406228742149475,90,High,Evening,Intensive
551,4.641144507783954,98,Low,Morning,Spaced
552,6.965270502229781,60,Low,Afternoon,Spaced
553,4.863347871421398,88,Medium,Morning,Intensive
554,4.926565800747704,73,Low,Afternoon,Spaced
555,7.1365752186084155,95,Medium,Evening,Continuous
556,3.824380063486779,68,High,Evening,Pomodoro
557,1.938106599154485,53,High,Night,Intensive
558,1.2014787341933728,75,High,Afternoon,Spaced
559,6.285960789715333,87,Low,Afternoon,Continuous
560,5.342166859474252,91,Medium,Night,Intensive
561,5.928558376694565,81,High,Night,Spaced
562,2.4907491305623752,88,Medium,Afternoon,Intensive
563,1.9546003291073883,94,Medium,Night,Spaced
564,1.1018126596751734,95,High,Evening,Intensive
565,3.454112911646179,85,High,Morning,Continuous
566,5.129423807982431,89,Medium,Evening,Continuous
567,3.7457083156981263,86,High,Night,Pomodoro
568,4.062324454166103,82,Medium,Afternoon,Intensive
569,7.329110861456239,85,Medium,Afternoon,Pomodoro
570,3.4377882691631023,52,High,Evening,Intensive
571,4.5979264241186755,58,Low,Afternoon,Spaced
572,6.485571089188001,57,High,Night,Spaced
573,3.775799476248891,82,Low,Evening,Pomodoro
574,5.3546069015951145,55,Medium,Afternoon,Intensive
575,7.036545961227216,90,Medium,Morning,Pomodoro
576,7.646644365603494,88,Low,Morning,Continuous
577,2.0295143665032658,53,Medium,Night,Pomodoro
578,7.486113376130461,62,Low,Afternoon,Pomodoro
579,4.444814051556767,98,Low,Night,Spaced
580,2.8077107180927086,51,Medium,Evening,Pomodoro
581,4.213950293667829,54,Low,Morning,Intensive
582,7.860228026998339,93,High,Evening,Spaced
583,4.448326657950087,76,High,Afternoon,Pomodoro
584,3.3012612720125576,81,Medium,Night,Continuous
585,5.43380598021708,70,Medium,Night,Pomodoro
586,2.6810193314473514,57,Low,Night,Pomodoro
587,1.5310432967606475,87,Low,Evening,Pomodoro
588,1.9021580533745446,57,Low,Morning,Spaced
589,1.8963208727044072,99,Low,Evening,Intensive
590,2.0633188545860603,52,High,Evening,Continuous
591,1.971790208545871,93,High,Afternoon,Pomodoro
592,5.486123213622502,52,Medium,Afternoon,Intensive
593,2.2731605907940136,71,Low,Afternoon,Intensive
594,3.4196709832670424,55,Low,Morning,Spaced
595,7.2775188693420825,51,Medium,Morning,Continuous
596,4.317731481840107,72,Low,Afternoon,Spaced
597,5.6729041696471905,93,Low,Afternoon,Intensive
598,2.206239098411409,51,Low,Morning,Intensive
599,2.3460231316606954,87,Low,Night,Intensive
600,1.286080313865352,66,Low,Morning,Spaced
601,2.1825454415051517,84,Medium,Morning,Continuous
602,2.9501323732237106,83,Low,Morning,Pomodoro
603,2.2390733899372277,72,Medium,Afternoon,Spaced
604,1.6209177362993894,79,Low,Night,Intensive
605,1.8444510977042057,57,High,Morning,Spaced
606,4.22545137622908,71,High,Afternoon,Intensive
607,2.4443360288405476,93,High,Evening,Pomodoro
608,3.549889027336528,85,High,Evening,Pomodoro
609,4.5239208959839985,54,Medium,Morning,Continuous
610,5.832763800405557,62,Medium,Evening,Intensive
611,1.2751849788876926,78,Low,Night,Continuous
612,6.5958727923632985,80,High,Evening,Continuous
613,5.395302726436355,96,Medium,Evening,Pomodoro
614,1.5723132236421034,65,Low,Night,Spaced
615,7.115050368747441,91,Low,Morning,Spaced
616,7.446106803722692,79,Medium,Morning,Continuous
617,1.4275457189840464,65,High,Night,Pomodoro
618,2.938143537030426,61,Low,Night,Intensive
619,6.643408958551429,66,High,Night,Spaced
620,6.237817832685608,65,High,Evening,Continuous
621,2.2916471354946415,61,High,Night,Spaced
622,2.465445263356972,57,Low,Afternoon,Spaced
623,3.593304719539674,69,High,Evening,Intensive
624,4.391660896337149,52,Low,Morning,Pomodoro
625,5.327783400712072,65,High,Morning,Intensive
626,3.582395476988407,79,Low,Morning,Pomodoro
627,4.237743012932035,94,High,Evening,Spaced
628,6.232296566936296,72,Medium,Afternoon,Continuous
629,1.2567824202341853,77,High,Night,Intensive
630,2.7670586104081454,89,High,Night,Pomodoro
631,5.993447101191867,54,Low,Morning,Spaced
632,7.266447863810395,69,Low,Morning,Pomodoro
633,4.5817420948096625,89,High,Evening,Pomodoro
634,4.7247943968572095,93,Medium,Afternoon,Pomodoro
635,1.7502040793784324,50,Medium,Night,Spaced
636,4.131886567764182,79,Low,Evening,Continuous
637,4.728320865185163,70,Medium,Night,Continuous
638,2.697293525443108,69,High,Morning,Continuous
639,2.884702616645667,55,Low,Night,Pomodoro
640,3.6409891417323585,71,High,Afternoon,Spaced
641,1.1404983844440846,67,Low,Afternoon,Pomodoro
642,3.254554159082248,57,Low,Morning,Continuous
643,2.4801360489758126,88,Low,Afternoon,Continuous
644,3.2924814652454026,81,Low,Afternoon,Spaced
645,1.8383349227347585,82,Medium,Evening,Pomodoro
646,7.233690965179265,65,High,Night,Intensive
647,5.155147174878341,61,High,Morning,Intensive
648,5.753716234011427,87,High,Morning,Continuous
649,6.524198670251368,83,Low,Morning,Spaced
650,4.489095392503401,63,Medium,Morning,Pomodoro
651,1.6084420166119657,85,High,Morning,Pomodoro
652,4.759745792729834,82,Medium,Afternoon,Continuous
653,5.107887826146154,72,Low,Evening,Continuous
654,6.21807631929031,99,High,Morning,Pomodoro
655,4.021616823607756,94,Medium,Evening,Pomodoro
656,1.8930621195689463,51,Low,Evening,Continuous
657,2.9864313405910714,90,Medium,Afternoon,Pomodoro
658,3.541576074790446,70,High,Morning,Intensive
659,5.521420689321209,51,High,Afternoon,Continuous
660,4.995448132682383,76,Low,Morning,Pomodoro
661,3.4926770812849237,58,Low,Afternoon,Continuous
662,7.905606741550858,50,Low,Evening,Spaced
663,5.24042373549821,60,Medium,Morning,Continuous
664,2.660587542151961,52,Medium,Night,Continuous
665,1.7124773083428262,72,Medium,Evening,Spaced
666,2.0700139742903243,75,Low,Night,Intensive
667,2.721704098691557,53,High,Evening,Pomodoro
668,2.12476961281689,67,High,Afternoon,Spaced
669,2.30596916835914,55,Medium,Morning,Continuous
670,2.99566618085693,84,Medium,Evening,Pomodoro
671,2.213615167063284,71,High,Afternoon,Spaced
672,7.277357972384976,92,High,Morning,Pomodoro
673,1.5616362196314955,64,Medium,Morning,Pomodoro
674,4.671579726991783,71,Medium,Evening,Spaced
675,3.8727777889276305,86,High,Morning,Pomodoro
676,7.8766503183602445,91,Low,Evening,Intensive
677,1.7842723151763664,61,Medium,Morning,Spaced
678,3.7849891933201913,96,High,Night,Intensive
679,7.786293032927582,98,High,Afternoon,Continuous
680,7.0585498812578615,91,High,Night,Pomodoro
681,6.7195044966449595,87,High,Evening,Continuous
682,2.805319789314579,67,Low,Night,Continuous
683,2.1962131117304606,94,High,Evening,Pomodoro
684,5.680502539471017,84,Medium,Morning,Spaced
685,7.505631923893101,79,Low,Morning,Pomodoro
686,4.897340251097509,73,High,Evening,Continuous
687,5.001288826289299,91,Low,Night,Continuous
688,2.9598536556219894,79,Medium,Morning,Spaced
689,6.3864505323435585,63,High,Afternoon,Pomodoro
690,2.3093062399026634,55,Medium,Morning,Continuous
691,3.265754654829706,52,High,Afternoon,Intensive
692,3.9780550703149173,65,High,Night,Continuous
693,4.553272650791185,56,High,Afternoon,Continuous
694,2.696868126905562,63,High,Afternoon,Spaced
695,1.8038577731744248,58,High,Afternoon,Intensive
696,5.274340297091428,64,Low,Afternoon,Continuous
697,3.0204138726817904,70,High,Morning,Continuous
698,5.068667549958286,84,High,Afternoon,Intensive
699,2.080539006919416,51,Low,Morning,Pomodoro
700,4.367980712983723,76,Low,Afternoon,Pomodoro
701,4.7281260278611015,51,Low,Evening,Continuous
702,1.3627647577569884,84,Low,Night,Continuous
703,3.356229947357444,67,Low,Afternoon,Pomodoro
704,1.9409027385728197,63,Low,Evening,Spaced
705,1.4436247933093742,69,High,Afternoon,Intensive
706,7.9297216267296164,67,High,Afternoon,Intensive
707,3.256476914823061,59,Medium,Afternoon,Spaced
708,6.669121120982444,74,High,Evening,Spaced
709,2.782484583346347,51,High,Night,Spaced
710,5.7705190555675046,74,Low,Evening,Spaced
711,6.321595019227805,82,Low,Night,Spaced
712,5.16947118425491,85,High,Afternoon,Spaced
713,4.301033319851109,80,Medium,Morning,Intensive
714,3.8828863990308795,63,Low,Afternoon,Spaced
715,3.442077865800967,50,High,Night,Pomodoro
716,7.506704009734781,95,High,Evening,Spaced
717,6.814335854514104,65,Medium,Afternoon,Spaced
718,7.755188374665588,95,Medium,Evening,Intensive
719,1.8700805643988132,52,Low,Evening,Intensive
720,6.11607232642551,84,Medium,Evening,Spaced
721,7.568383197747265,90,High,Afternoon,Intensive
722,2.268631463159621,55,High,Evening,Continuous
723,1.4654738715674425,74,Medium,Evening,Intensive
724,6.187844545030414,62,Medium,Afternoon,Intensive
725,5.021311792259383,83,Medium,Evening,Intensive
726,6.892801437307904,57,Medium,Afternoon,Intensive
727,1.9784066363840265,70,Low,Night,Pomodoro
728,6.566871183019232,83,Medium,Night,Pomodoro
729,2.4113912403342117,53,Low,Night,Pomodoro
730,2.1455916000599315,74,High,Evening,Spaced
731,2.149860585516951,64,Medium,Morning,Spaced
732,6.702023041619674,53,Low,Morning,Continuous
733,5.656380544873401,94,Medium,Evening,Pomodoro
734,4.661457973383835,61,High,Morning,Spaced
735,3.5118133888645175,81,High,Afternoon,Intensive
736,7.140403785691758,81,High,Morning,Intensive
737,3.7471157519584475,77,Medium,Evening,Pomodoro
738,6.716196076301039,62,Medium,Evening,Continuous
739,4.073944359991529,80,Low,Afternoon,Continuous
740,3.638611005974353,63,High,Night,Intensive
741,4.238758499687245,69,Medium,Evening,Continuous
742,3.1096451191489947,67,High,Afternoon,Pomodoro
743,6.233265661233758,78,High,Morning,Intensive
744,4.519042730647354,55,Low,Morning,Spaced
745,2.6254888660277214,81,Low,Afternoon,Spaced
746,7.297022012921979,78,Low,Afternoon,Continuous
747,3.6872385496124798,92,Low,Evening,Intensive
748,4.80487002779792,51,High,Morning,Intensive
749,7.345304776751829,72,Low,Afternoon,Spaced
750,5.369665971397945,68,Low,Morning,Intensive
751,1.8182862849585484,80,Low,Afternoon,Intensive
752,7.578824865294326,54,Low,Morning,Intensive
753,5.393956371499925,68,High,Night,Continuous
754,3.344339302599603,83,Low,Evening,Intensive
755,1.9749045086437107,59,High,Morning,Pomodoro
756,6.558176324892072,74,Medium,Night,Continuous
757,5.340509291499595,51,High,Morning,Intensive
758,4.7342276438342505,60,High,Morning,Intensive
759,7.257248081356703,99,Low,Night,Pomodoro
760,6.5201804785717155,80,Medium,Morning,Continuous
761,2.061724158129258,64,Medium,Morning,Spaced
762,3.1820544745688375,58,Medium,Evening,Spaced
763,2.73942397870126,72,Medium,Night,Continuous
764,6.207624048008739,68,High,Night,Intensive
765,1.2347270431504556,58,Medium,Afternoon,Intensive
766,4.989227794099216,84,High,Morning,Spaced
767,6.337210800184834,70,High,Evening,Spaced
768,7.137359457332246,58,High,Morning,Spaced
769,3.3945722410113524,77,Medium,Morning,Pomodoro
770,6.74880113270409,95,Low,Afternoon,Spaced
771,1.7744221586864506,56,Low,Morning,Pomodoro
772,6.925166042141627,65,Medium,Evening,Continuous
773,1.892420636323877,65,Low,Evening,Intensive
774,3.781011033922571,82,Low,Afternoon,Spaced
775,6.581067560456876,53,High,Morning,Intensive
776,2.0494219914414167,53,High,Evening,Intensive
777,2.6047597666284905,88,Medium,Morning,Spaced
778,6.055767978751464,89,Medium,Morning,Spaced
779,6.04025575582252,66,Low,Morning,Continuous
780,5.488033430197081,86,High,Afternoon,Pomodoro
781,5.8576391112697,88,Medium,Morning,Pomodoro
782,4.799071103433173,78,Medium,Evening,Intensive
783,2.7625934123486693,85,Medium,Morning,Spaced
784,3.4198719545274363,87,Medium,Evening,Continuous
785,2.2711840176099796,88,Medium,Morning,Continuous
786,7.359153929335398,99,Medium,Evening,Continuous
787,5.0837425633628435,86,Low,Evening,Continuous
788,3.8059599173454792,84,High,Morning,Continuous
789,4.2340406255089285,56,High,Morning,Pomodoro
790,7.630983377282707,76,Medium,Evening,Pomodoro
791,2.0734598218125613,77,High,Night,Pomodoro
792,5.103608824117581,71,High,Afternoon,Spaced
793,4.541220752191261,63,High,Night,Intensive
794,5.280179648042535,56,Medium,Night,Continuous
795,1.1267712867458837,86,Medium,Morning,Spaced
796,7.104867362609061,71,High,Afternoon,Continuous
797,7.524827977385287,54,High,Night,Pomodoro
798,4.9559322851244625,51,Medium,Morning,Spaced
799,5.876555767138246,76,Low,Night,Pomodoro
800,7.457495668241069,70,High,Night,Continuous
801,5.95067044019379,87,Low,Morning,Continuous
802,2.0677733003998293,64,High,Morning,Intensive
803,5.034018521167692,70,Low,Morning,Continuous
804,5.247005324679991,59,Low,Afternoon,Pomodoro
805,3.968914699116702,72,Low,Night,Continuous
806,6.15510964937306,88,Medium,Morning,Intensive
807,7.540569103383104,54,Low,Evening,Intensive
808,7.478979590347434,50,Low,Night,Pomodoro
809,4.155875599828924,62,Low,Evening,Spaced
810,1.7926663208852869,70,High,Afternoon,Continuous
811,7.893888392736342,75,Low,Morning,Intensive
812,6.8722866051215385,99,High,Evening,Continuous
813,1.8726387684228678,94,Low,Afternoon,Continuous
814,7.445893178321606,70,Low,Morning,Spaced
815,7.089274534434898,67,Medium,Evening,Intensive
816,4.6318663998825045,86,High,Evening,Continuous
817,5.1389280502145045,94,Low,Afternoon,Intensive
818,3.7930189270909116,81,High,Morning,Pomodoro
819,1.3833314717542193,85,High,Morning,Pomodoro
820,3.3463806915213063,66,Medium,Evening,Continuous
821,6.6199741401860805,84,Medium,Evening,Intensive
822,1.03242416103222,98,Medium,Evening,Continuous
823,3.3344942018380093,60,Medium,Morning,Intensive
824,3.787180855136603,70,Medium,Afternoon,Intensive
825,4.76176922056546,75,Medium,Afternoon,Spaced
826,7.438989314889323,53,Medium,Morning,Spaced
827,3.4244219605617285,83,Medium,Night,Spaced
828,3.4286724132735937,97,Low,Afternoon,Continuous
829,6.162508736768238,67,High,Evening,Spaced
830,4.16552558622865,89,Medium,Night,Spaced
831,2.5722337605798735,84,Medium,Night,Pomodoro
832,4.167076612928854,90,High,Afternoon,Intensive
833,1.985999142658599,78,Low,Night,Intensive
834,2.234708905543563,78,High,Night,Spaced
835,4.488574409176358,87,High,Afternoon,Intensive
836,3.9324781465318353,91,Medium,Afternoon,Pomodoro
837,7.4039213074767005,70,High,Night,Pomodoro
838,3.536757293816432,91,High,Evening,Spaced
839,5.064118451946304,62,Medium,Morning,Pomodoro
840,5.425850015436713,98,Medium,Night,Intensive
841,1.0916611961183356,90,Medium,Night,Continuous
842,5.644761604116974,66,Medium,Evening,Intensive
843,2.24625176808826,58,High,Night,Continuous
844,7.727492222286186,90,High,Night,Spaced
845,2.040639094271791,50,Low,Morning,Continuous
846,3.902368866089166,51,Low,Morning,Pomodoro
847,1.597447676550507,97,High,Morning,Intensive
848,7.978119762921631,78,Low,Afternoon,Continuous
849,4.515365072318698,82,High,Afternoon,Intensive
850,5.167695121240307,59,Low,Morning,Spaced
851,1.4695353417189922,99,Medium,Morning,Spaced
852,6.249723292794244,89,Low,Afternoon,Pomodoro
853,2.4693391516691,70,Medium,Evening,Spaced
854,7.286380026084997,77,Medium,Night,Continuous
855,2.4359774833740504,60,Medium,Night,Spaced
856,2.334814044645666,83,Medium,Morning,Pomodoro
857,1.255847674936664,57,Low,Evening,Intensive
858,4.304468615769995,71,High,Afternoon,Intensive
859,4.953887932838315,57,Medium,Morning,Spaced
860,1.4599604759984666,98,Low,Evening,Continuous
861,6.428693316865074,64,Medium,Evening,Pomodoro
862,4.173021843236193,66,Low,Evening,Continuous
863,4.67073188529306,72,Low,Afternoon,Pomodoro
864,4.085339228567597,73,Low,Afternoon,Spaced
865,3.8053414261272818,94,High,Night,Pomodoro
866,4.917482319157525,68,Low,Night,Pomodoro
867,2.0866817215149878,54,Low,Evening,Spaced
868,2.273496913466898,81,High,Evening,Continuous
869,7.032499347094621,93,High,Afternoon,Spaced
870,7.622808234935429,50,Low,Night,Pomodoro
871,3.6131652139582706,72,High,Evening,Spaced
872,2.8952127120048763,86,Medium,Night,Pomodoro
873,5.5079968026731105,57,Medium,Night,Spaced
874,3.8611391976866747,62,High,Evening,Intensive
875,1.177704489622414,57,High,Afternoon,Intensive
876,2.0930681815633325,72,Low,Evening,Spaced
877,6.0118056019317825,92,High,Evening,Continuous
878,5.6124675933710595,50,Low,Night,Pomodoro
879,1.1896719475243844,94,Medium,Evening,Intensive
880,2.553805133530646,73,High,Afternoon,Continuous
881,2.6175235761164997,84,Low,Evening,Pomodoro
882,5.703249205191099,73,Low,Afternoon,Intensive
883,1.1379737642805492,66,Medium,Afternoon,Intensive
884,1.7287600738920168,54,High,Night,Spaced
885,6.599412597612326,69,Medium,Morning,Pomodoro
886,2.2498126343803353,70,Low,Morning,Continuous
887,5.569222754963123,89,Low,Night,Continuous
888,2.6672794673270857,80,High,Evening,Continuous
889,1.6960897493154161,95,Low,Night,Pomodoro
890,2.7022053369961787,85,High,Afternoon,Continuous
891,6.0558685229896145,60,Medium,Morning,Continuous
892,6.989875276744,64,High,Night,Continuous
893,6.811539051968941,68,High,Evening,Spaced
894,3.7802847073291836,56,Low,Night,Spaced
895,5.676595955994523,77,Low,Morning,Pomodoro
896,2.4348900679107466,92,High,Night,Pomodoro
897,3.052034111827093,54,Low,Night,Continuous
898,7.274350729647838,54,Low,Morning,Spaced
899,1.0910134645751524,79,Low,Afternoon,Intensive
900,1.5985597159812766,81,High,Afternoon,Intensive
901,2.4552037860221914,57,Low,Morning,Continuous
902,1.1857254271167381,59,High,Night,Continuous
903,2.270048045628581,87,Low,Morning,Spaced
904,5.081290926787846,96,Medium,Afternoon,Spaced
905,3.9499718541474858,81,Low,Evening,Spaced
906,7.248701977538824,97,Low,Night,Pomodoro
907,6.722104932169087,77,High,Afternoon,Pomodoro
908,3.392721461885132,66,High,Night,Continuous
909,2.8159640340190473,80,Low,Morning,Pomodoro
910,3.657846857170868,57,Medium,Evening,Spaced
911,5.132064597603654,89,Low,Morning,Spaced
912,2.876445485760134,74,Low,Evening,Pomodoro
913,5.369042354943938,58,Medium,Night,Intensive
914,3.865881565338683,51,High,Night,Continuous
915,4.864330265963861,64,Low,Morning,Intensive
916,4.052885703947217,99,High,Evening,Continuous
917,3.061260316793424,52,High,Evening,Intensive
918,7.639173148735097,98,Medium,Night,Pomodoro
919,6.345240559118325,85,Medium,Morning,Continuous
920,1.980792230365168,53,High,Evening,Continuous
921,7.07927583128539,63,Low,Night,Continuous
922,4.4120183877465955,90,High,Afternoon,Spaced
923,7.26186558825864,90,Low,Morning,Spaced
924,6.598986791631207,74,Low,Afternoon,Intensive
925,3.9764945312846343,99,Medium,Morning,Pomodoro
926,1.1572851582408217,59,Low,Night,Spaced
927,2.8807415156946226,70,Low,Evening,Continuous
928,4.791439502626068,85,High,Evening,Spaced
929,5.434347538783031,61,Medium,Evening,Pomodoro
930,2.805213798032416,76,Low,Morning,Spaced
931,1.975492518509769,89,Low,Night,Continuous
932,6.844511657595094,51,Medium,Afternoon,Intensive
933,7.890815264924865,62,High,Night,Continuous
934,4.679831276118801,81,Medium,Afternoon,Pomodoro
935,2.2017550009381246,80,Medium,Morning,Intensive
936,2.9061512856355827,65,Low,Morning,Spaced
937,1.1287347358322672,81,Low,Afternoon,Spaced
938,7.400091645923493,81,High,Afternoon,Spaced
939,1.824257580230988,83,Low,Afternoon,Intensive
940,5.035615328599775,60,Low,Night,Continuous
941,2.918386544810442,59,Medium,Afternoon,Intensive
942,4.879246017610554,64,Low,Morning,Intensive
943,5.559942718463049,66,High,Morning,Pomodoro
944,6.8081926259504115,89,Medium,Evening,Intensive
945,2.4449489023242226,67,High,Afternoon,Spaced
946,1.0769708006093635,58,Medium,Night,Continuous
947,1.958199410481651,74,Low,Night,Continuous
948,7.300130492936736,89,Medium,Night,Continuous
949,7.117230542937607,63,Medium,Evening,Spaced
950,5.181891715192158,74,Low,Morning,Spaced
951,5.203618023035574,99,Low,Night,Spaced
952,5.655256721823788,71,High,Morning,Spaced
953,2.227598950364147,79,High,Evening,Spaced
954,7.400883621474718,69,Low,Afternoon,Intensive
955,3.9313936742445117,70,Low,Afternoon,Spaced
956,3.6819696977464824,93,Low,Afternoon,Spaced
957,4.632423936979863,81,Medium,Night,Spaced
958,1.3287617674253853,95,Medium,Afternoon,Spaced
959,2.163983581292556,98,Medium,Night,Continuous
960,6.166235314984593,70,Low,Evening,Spaced
961,1.5795906754758853,84,High,Evening,Intensive
962,5.222064766264717,81,Low,Night,Intensive
963,2.7174437677692467,79,Medium,Morning,Intensive
964,3.725069298293836,88,Medium,Afternoon,Pomodoro
965,3.020856157394899,98,Low,Afternoon,Continuous
966,3.489709015254644,61,Low,Afternoon,Spaced
967,6.033321336289719,90,Medium,Night,Pomodoro
968,3.079852009362225,96,Medium,Evening,Spaced
969,4.964832482078281,67,Medium,Afternoon,Pomodoro
970,4.332352815393698,70,Low,Evening,Pomodoro
971,5.645698157538537,62,Medium,Afternoon,Intensive
972,7.557808175273306,70,Medium,Afternoon,Intensive
973,6.1280046804717525,57,High,Night,Pomodoro
974,2.5045826501352972,95,Low,Morning,Intensive
975,1.2182819454289926,89,High,Night,Pomodoro
976,2.8358483100987755,95,High,Afternoon,Continuous
977,5.165545514901784,56,Medium,Afternoon,Intensive
978,1.3599806943897526,72,Low,Morning,Intensive
979,4.474563730408654,93,Medium,Evening,Intensive
980,5.177899942418224,81,Low,Evening,Continuous
981,3.3397072357187256,60,High,Afternoon,Pomodoro
982,6.396385426220753,71,Low,Evening,Spaced
983,1.7461877719364027,71,Medium,Afternoon,Intensive
984,1.5259644721506613,92,Medium,Morning,Pomodoro
985,6.097321293425224,74,Medium,Morning,Continuous
986,4.468439213443389,71,Low,Afternoon,Spaced
987,5.818816774994152,77,High,Morning,Intensive
988,4.043791370226224,78,High,Night,Continuous
989,2.7248142326737477,62,Low,Night,Continuous
990,6.733716223719398,67,Medium,Morning,Spaced
991,6.595911152782855,51,High,Afternoon,Pomodoro
992,5.862875295980987,78,Medium,Afternoon,Intensive
993,2.905015960609739,70,Low,Morning,Intensive
994,5.13161466808361,64,Medium,Evening,Pomodoro
995,3.5268172785801877,76,High,Night,Pomodoro
996,1.641074513286439,99,High,Evening,Pomodoro
997,7.421195028235699,80,Medium,Afternoon,Spaced
998,1.9577304164327298,64,Low,Afternoon,Spaced
999,7.651661476745617,72,Medium,Evening,Intensive
1000,4.12204041070569,73,Low,Morning,Spaced
1001,2.2959305018703375,93,Medium,Evening,Continuous
1002,4.793306631648507,62,High,Evening,Intensive
1003,7.110620851134858,71,Low,Night,Spaced
1004,6.125574204866928,92,Low,Night,Pomodoro
1005,6.645928035030148,86,Low,Evening,Continuous
1006,5.611483566975021,82,High,Evening,Pomodoro
1007,5.845935951624967,52,Medium,Afternoon,Intensive
1008,6.944369560957235,68,High,Night,Pomodoro
1009,2.7476760620143015,72,Low,Night,Spaced
1010,4.425974745501984,78,Medium,Afternoon,Spaced
1011,2.5484660927372156,79,High,Morning,Intensive
1012,7.913676055976529,88,Low,Night,Pomodoro
1013,7.608415377806293,93,Low,Night,Intensive
1014,1.2759876795795413,96,High,Morning,Pomodoro
1015,5.939026207609819,74,High,Night,Continuous
1016,7.4767382219096605,86,High,Night,Spaced
1017,2.2640274158913347,96,Low,Morning,Intensive
1018,4.975616613868406,57,High,Morning,Continuous
1019,7.408418083116293,91,Low,Evening,Continuous
1020,1.237621850100592,65,High,Afternoon,Intensive
1021,5.881941870727879,57,Low,Afternoon,Intensive
1022,3.0814430516078555,50,Low,Morning,Continuous
1023,7.470773367635712,93,Medium,Morning,Pomodoro
1024,7.797407716157574,54,High,Night,Continuous
1025,7.609865423794037,52,High,Evening,Intensive
1026,4.319499516602246,50,Low,Evening,Continuous
1027,7.034298556925194,53,Low,Morning,Pomodoro
1028,6.911845789745493,89,Low,Night,Spaced
1029,3.233703312702789,84,Medium,Night,Spaced
1030,6.8024083190547415,81,Medium,Afternoon,Continuous
1031,1.2590534430084483,91,Low,Afternoon,Pomodoro
1032,5.1738891493743715,83,High,Night,Spaced
1033,2.6100618610139215,92,High,Afternoon,Continuous
1034,1.8439682004409517,74,Medium,Morning,Continuous
1035,1.538672411404464,59,Medium,Night,Pomodoro
1036,5.8740214311469785,70,Low,Afternoon,Intensive
1037,3.379124746376463,95,High,Evening,Continuous
1038,6.07336740070133,88,Low,Night,Intensive
1039,1.4574943855925966,76,Medium,Night,Intensive
1040,3.2070323648142725,76,High,Evening,Spaced
1041,4.7764390466273605,51,High,Morning,Intensive
1042,6.535062153872745,90,Medium,Evening,Pomodoro
1043,3.231267520524489,97,Low,Night,Spaced
1044,5.381239635059064,62,Low,Morning,Spaced
1045,7.20184423765331,58,High,Afternoon,Spaced
1046,5.311042317276132,85,Medium,Afternoon,Continuous
1047,2.6307163232754363,71,High,Afternoon,Continuous
1048,1.170805470895766,91,Medium,Night,Intensive
1049,7.090692117306509,75,Low,Evening,Spaced
1050,1.1488858759527099,61,Medium,Morning,Spaced
1051,7.122911708789395,66,Low,Afternoon,Pomodoro
1052,4.702559938190484,63,Medium,Morning,Intensive
1053,7.573473889590273,63,High,Night,Pomodoro
1054,6.591482650415657,83,Low,Afternoon,Intensive
1055,7.985538773733362,69,High,Night,Intensive
1056,3.454982708161971,60,High,Evening,Continuous
1057,6.370318022517888,65,Low,Night,Continuous
1058,3.813516395264695,80,Low,Night,Pomodoro
1059,4.359129342127362,55,High,Evening,Intensive
1060,5.392538242528591,68,High,Morning,Spaced
1061,7.115739799304372,86,High,Evening,Continuous
1062,7.8885842843950655,53,High,Evening,Spaced
1063,6.377913897051627,96,Low,Night,Pomodoro
1064,3.924367475171336,53,Low,Morning,Continuous
1065,3.9494990159394914,69,High,Afternoon,Continuous
1066,6.1630761111222405,59,Medium,Evening,Intensive
1067,2.6714400203781166,73,Medium,Morning,Pomodoro
1068,1.7733187919197626,84,Low,Evening,Intensive
1069,3.482355103485436,75,High,Evening,Continuous
1070,3.010672941578572,86,High,Evening,Pomodoro
1071,3.074156843191931,87,Low,Evening,Continuous
1072,2.6352542573493696,70,Medium,Night,Pomodoro
1073,1.2946523274545332,89,Medium,Morning,Continuous
1074,1.1251175431338967,88,Medium,Morning,Spaced
1075,7.914056728152221,70,Low,Morning,Spaced
1076,3.994411936151036,59,Medium,Evening,Intensive
1077,3.690286530117772,87,Low,Night,Spaced
1078,5.757530978851489,95,Low,Evening,Continuous
1079,2.5277772150554494,53,High,Evening,Continuous
1080,7.649728287651577,94,Medium,Morning,Spaced
1081,6.504415100908864,69,Low,Evening,Intensive
1082,1.6258770161858167,66,Medium,Afternoon,Spaced
1083,3.9230654304944985,56,Medium,Evening,Pomodoro
1084,7.153828152935153,53,High,Afternoon,Pomodoro
1085,7.613124156039872,78,Medium,Evening,Pomodoro
1086,4.271810578749088,63,High,Night,Spaced
1087,5.293879724474954,52,Low,Night,Spaced
1088,2.1692376226445265,73,Medium,Morning,Spaced
1089,7.938180382958835,86,Low,Evening,Pomodoro
1090,2.621701909684104,65,Medium,Afternoon,Intensive
1091,7.599122418945879,53,Low,Afternoon,Continuous
1092,5.54752654294658,73,Medium,Evening,Spaced
1093,5.254157564152014,83,Medium,Afternoon,Intensive
1094,4.58881957711556,79,Medium,Night,Continuous
1095,2.614688682024311,67,Medium,Afternoon,Continuous
1096,2.235696224038558,68,Medium,Morning,Continuous
1097,2.5434034634912273,80,Medium,Night,Intensive
1098,2.3050678350097815,68,Medium,Night,Intensive
1099,6.457091314967273,98,Medium,Night,Pomodoro
1100,3.4508768141671107,95,Medium,Evening,Intensive
1101,1.4048987359437746,68,Low,Evening,Intensive
1102,7.78371841098568,71,High,Night,Intensive
1103,7.18650119474398,73,Medium,Evening,Continuous
1104,7.494265982366491,94,High,Afternoon,Spaced
1105,7.964354758525047,61,Medium,Evening,Pomodoro
1106,2.217266744536411,79,Medium,Evening,Spaced
1107,3.773694132318611,87,Low,Night,Spaced
1108,6.307669329928639,80,Low,Morning,Intensive
1109,5.872144326376546,85,High,Morning,Pomodoro
1110,2.0772713443789854,68,Low,Morning,Spaced
1111,6.710831874934325,97,Low,Afternoon,Spaced
1112,2.5710840028566246,94,High,Evening,Pomodoro
1113,2.5667233037583617,85,Low,Morning,Intensive
1114,4.758820960253895,79,Medium,Night,Spaced
1115,5.150579543891922,98,High,Morning,Continuous
1116,5.060603454864678,82,High,Morning,Spaced
1117,1.640407861784284,67,Medium,Evening,Continuous
1118,7.142226038412662,98,Low,Evening,Intensive
1119,2.8592002981209426,77,High,Evening,Spaced
1120,1.9066044489796292,96,High,Afternoon,Pomodoro
1121,7.221236559082841,60,Medium,Afternoon,Pomodoro
1122,7.689560487608274,94,Medium,Morning,Spaced
1123,7.0348933208581546,82,Low,Evening,Intensive
1124,6.666612523074146,66,High,Morning,Intensive
1125,5.586693864473152,55,Low,Night,Pomodoro
1126,4.856001594263975,53,Low,Night,Spaced
1127,1.6089073193798709,69,Medium,Evening,Intensive
1128,3.859172491494891,97,High,Evening,Pomodoro
1129,3.608819619086198,96,High,Night,Continuous
1130,2.8182764863222833,76,High,Evening,Spaced
1131,6.063940795820095,64,Medium,Afternoon,Continuous
1132,4.471130145551395,55,Medium,Afternoon,Continuous
1133,1.5673235113535355,96,Medium,Evening,Intensive
1134,2.5412824136486796,63,Medium,Night,Intensive
1135,5.782811345617171,60,Medium,Morning,Intensive
1136,1.5329160164321012,88,High,Evening,Spaced
1137,6.958448398341381,58,Low,Evening,Continuous
1138,4.466025689097821,75,High,Morning,Spaced
1139,4.3641060412865365,65,Low,Evening,Intensive
1140,5.146854492616623,54,Medium,Morning,Continuous
1141,6.772766761476044,59,Low,Night,Spaced
1142,3.4346644553153514,99,High,Afternoon,Spaced
1143,5.746113067913445,52,High,Night,Pomodoro
1144,4.960123747970537,62,Low,Afternoon,Spaced
1145,2.8691978911859493,92,Medium,Morning,Intensive
1146,7.150409904486106,98,Medium,Afternoon,Spaced
1147,6.581982151248496,79,High,Night,Continuous
1148,5.609162842608979,94,Low,Afternoon,Spaced
1149,6.954072103659693,55,Medium,Morning,Pomodoro
1150,7.071059406718616,66,Medium,Afternoon,Continuous
1151,5.958540837005243,94,High,Evening,Continuous
1152,6.859093298545704,68,Medium,Night,Pomodoro
1153,5.882300231684986,91,Low,Evening,Intensive
1154,5.7609854023221025,84,High,Morning,Continuous
1155,5.33027964750629,95,High,Afternoon,Intensive
1156,6.269016476903489,75,Low,Evening,Continuous
1157,2.110235737051516,54,High,Evening,Continuous
1158,7.166095314392499,78,Medium,Afternoon,Intensive
1159,7.102904694216624,86,Medium,Afternoon,Continuous
1160,1.204730981241914,69,Low,Night,Intensive
1161,6.7807172539533385,98,Medium,Evening,Pomodoro
1162,1.9020890723141164,70,Low,Evening,Intensive
1163,3.345831979813993,59,Low,Morning,Pomodoro
1164,6.204557794041254,54,Medium,Night,Continuous
1165,2.1253192723381575,85,Low,Morning,Intensive
1166,6.725769168833436,55,Medium,Evening,Continuous
1167,6.8249392457041935,75,High,Morning,Intensive
1168,4.552274136325853,53,High,Evening,Pomodoro
1169,1.044701102017835,88,Low,Evening,Pomodoro
1170,3.0092669322243895,88,Medium,Morning,Intensive
1171,5.318488428630196,99,Medium,Morning,Pomodoro
1172,7.868303246191965,84,High,Afternoon,Continuous
1173,5.422694689116678,50,High,Afternoon,Continuous
1174,2.8186250674491187,73,Medium,Afternoon,Spaced
1175,5.438039921697279,85,Low,Evening,Pomodoro
1176,4.779897658010988,55,High,Morning,Continuous
1177,6.458917766058005,90,Low,Night,Intensive
1178,1.7488644717887087,95,Low,Evening,Pomodoro
1179,6.327195317514196,93,High,Night,Continuous
1180,4.788866050732771,80,Low,Morning,Pomodoro
1181,7.740944027012962,69,Low,Evening,Intensive
1182,3.3931051622708024,73,Medium,Night,Continuous
1183,5.4283532519376365,74,Low,Night,Spaced
1184,7.524196738570122,85,Medium,Afternoon,Spaced
1185,1.7175680959347548,70,High,Afternoon,Pomodoro
1186,7.560599410655158,79,High,Afternoon,Intensive
1187,5.815200056105693,73,Medium,Evening,Continuous
1188,1.4748594137362034,93,High,Morning,Intensive
1189,3.106744968627714,91,Low,Morning,Continuous
1190,5.957204620516971,79,Low,Afternoon,Pomodoro
1191,1.4714542102814019,71,Low,Afternoon,Continuous
1192,5.075193221233913,77,High,Afternoon,Intensive
1193,3.421181398670697,56,Low,Night,Intensive
1194,5.34640862437234,84,High,Afternoon,Pomodoro
1195,1.3201942366875898,77,Low,Night,Intensive
1196,7.100757643066634,63,Medium,Morning,Continuous
1197,7.814422784241779,59,High,Evening,Pomodoro
1198,7.782144986999841,65,High,Evening,Continuous
1199,6.247562822200473,65,Low,Evening,Intensive
1200,1.9106036809144238,80,High,Evening,Pomodoro
1201,6.307842371503158,91,High,Night,Continuous
1202,1.1721084152116106,74,Medium,Night,Intensive
1203,1.1548648607029808,62,Medium,Afternoon,Intensive
1204,3.265271534046789,55,Low,Night,Spaced
1205,4.42050233283266,93,Medium,Afternoon,Intensive
1206,6.392851924654552,58,Low,Afternoon,Continuous
1207,5.783067636245536,94,Low,Evening,Pomodoro
1208,4.121318944637238,85,Low,Night,Spaced
1209,2.915386663971661,92,High,Night,Intensive
1210,7.979871501103978,69,Medium,Afternoon,Intensive
1211,3.9832691156518107,67,Low,Afternoon,Intensive
1212,4.159709170307728,92,Medium,Morning,Continuous
1213,2.1453667483416843,70,Low,Morning,Spaced
1214,6.563666841249505,53,Medium,Afternoon,Continuous
1215,5.855775580470421,99,Medium,Morning,Spaced
1216,2.5453872895213228,82,Low,Morning,Pomodoro
1217,1.5766673193108989,76,High,Afternoon,Continuous
1218,5.763495114522992,56,Medium,Afternoon,Continuous
1219,5.5815784999679465,55,High,Night,Pomodoro
1220,2.912816688987465,64,High,Afternoon,Spaced
1221,7.656044935752872,67,Low,Afternoon,Intensive
1222,2.0574052424663014,81,Low,Evening,Pomodoro
1223,4.026343607298213,60,Low,Night,Intensive
1224,7.605311441173193,69,Medium,Night,Intensive
1225,3.9380912184828563,73,Low,Night,Pomodoro
1226,5.469681633648599,64,Low,Evening,Spaced
1227,3.78316078573956,97,Medium,Afternoon,Intensive
1228,2.91950641644069,56,Medium,Night,Pomodoro
1229,7.8878435357187975,70,Low,Night,Continuous
1230,3.865338044205301,91,Low,Morning,Continuous
1231,7.258694425753941,75,Low,Night,Continuous
1232,2.6096822412376035,93,Low,Afternoon,Pomodoro
1233,2.4917329281755833,63,High,Afternoon,Continuous
1234,1.2179385801915794,86,High,Morning,Intensive
1235,5.561667777631195,70,Low,Night,Continuous
1236,3.579684406066328,67,High,Night,Continuous
1237,7.050507748877459,54,Medium,Night,Intensive
1238,4.3124693468409,52,High,Evening,Continuous
1239,7.777353995403052,72,High,Night,Intensive
1240,2.298678609921848,75,Low,Afternoon,Continuous
1241,7.080362175689276,86,High,Afternoon,Intensive
1242,6.436177969542192,73,High,Evening,Continuous
1243,6.396452912508364,98,High,Evening,Intensive
1244,6.913482596818214,68,High,Night,Pomodoro
1245,6.3271679366009925,74,Medium,Morning,Intensive
1246,5.383542251419907,70,Low,Evening,Continuous
1247,1.918714143776713,61,Low,Evening,Continuous
1248,1.2276832564387634,90,Medium,Night,Spaced
